{
  "config": "{\"version\":\"5.54\",\"themeCollection\":{\"baseTheme\":{\"name\":\"CY24SU05\",\"version\":\"5.54\",\"type\":2}},\"activeSectionIndex\":0,\"defaultDrillFilterOtherVisuals\":true,\"settings\":{\"useNewFilterPaneExperience\":true,\"allowChangeFilterTypes\":true,\"useStylableVisualContainerHeader\":true,\"queryLimitOption\":6,\"useEnhancedTooltips\":true,\"exportDataMode\":1,\"useDefaultAggregateDisplayName\":true},\"objects\":{\"section\":[{\"properties\":{\"verticalAlignment\":{\"expr\":{\"Literal\":{\"Value\":\"'Top'\"}}}}}]}}",
  "layoutOptimization": 0,
  "resourcePackages": [
    {
      "resourcePackage": {
        "disabled": false,
        "items": [
          {
            "name": "CY24SU05",
            "path": "BaseThemes/CY24SU05.json",
            "type": 202
          }
        ],
        "name": "SharedResources",
        "type": 2
      }
    }
  ],
  "sections": [
    {
      "config": "{}",
      "displayName": "Page 1",
      "displayOption": 1,
      "filters": "[]",
      "height": 720.00,
      "name": "4db44833c57352ad5730",
      "visualContainers": [
        {
          "config": "{\"name\":\"0b19b6fc5b9990742c00\",\"layouts\":[{\"id\":0,\"position\":{\"x\":9.89406121674316,\"y\":0,\"z\":0,\"width\":279.8605887021636,\"height\":161.13185410124572,\"tabOrder\":0}}],\"singleVisual\":{\"visualType\":\"slicer\",\"projections\":{\"Values\":[{\"queryRef\":\"FinancialData.Version\",\"active\":true}]},\"prototypeQuery\":{\"Version\":2,\"From\":[{\"Name\":\"f\",\"Entity\":\"FinancialData\",\"Type\":0}],\"Select\":[{\"Column\":{\"Expression\":{\"SourceRef\":{\"Source\":\"f\"}},\"Property\":\"Version\"},\"Name\":\"FinancialData.Version\",\"NativeReferenceName\":\"Version\"}]},\"drillFilterOtherVisuals\":true,\"objects\":{\"data\":[{\"properties\":{\"mode\":{\"expr\":{\"Literal\":{\"Value\":\"'Basic'\"}}}}}],\"general\":[{\"properties\":{\"filter\":{\"filter\":{\"Version\":2,\"From\":[{\"Name\":\"f\",\"Entity\":\"FinancialData\",\"Type\":0}],\"Where\":[{\"Condition\":{\"In\":{\"Expressions\":[{\"Column\":{\"Expression\":{\"SourceRef\":{\"Source\":\"f\"}},\"Property\":\"Version\"}}],\"Values\":[[{\"Literal\":{\"Value\":\"'Actual'\"}}]]}}}]}}}}]}}}",
          "filters": "[]",
          "height": 161.13,
          "width": 279.86,
          "x": 9.89,
          "y": 0.00,
          "z": 0.00
        },
        {
          "config": "{\"name\":\"8698032f0082e770e9e6\",\"layouts\":[{\"id\":0,\"position\":{\"x\":360.4265157527865,\"y\":0,\"z\":1,\"width\":279.8605887021636,\"height\":149.82435556782497,\"tabOrder\":1}}],\"singleVisual\":{\"visualType\":\"card\",\"projections\":{\"Values\":[{\"queryRef\":\"Sum(FinancialData.Value)\"}]},\"prototypeQuery\":{\"Version\":2,\"From\":[{\"Name\":\"f\",\"Entity\":\"FinancialData\",\"Type\":0}],\"Select\":[{\"Aggregation\":{\"Expression\":{\"Column\":{\"Expression\":{\"SourceRef\":{\"Source\":\"f\"}},\"Property\":\"Value\"}},\"Function\":0},\"Name\":\"Sum(FinancialData.Value)\",\"NativeReferenceName\":\"Sum of Value\"}],\"OrderBy\":[{\"Direction\":2,\"Expression\":{\"Aggregation\":{\"Expression\":{\"Column\":{\"Expression\":{\"SourceRef\":{\"Source\":\"f\"}},\"Property\":\"Value\"}},\"Function\":0}}}]},\"drillFilterOtherVisuals\":true,\"hasDefaultSort\":true}}",
          "filters": "[]",
          "height": 149.82,
          "width": 279.86,
          "x": 360.43,
          "y": 0.00,
          "z": 1.00
        },
        {
          "config": "{\"name\":\"b895870bd3a2251a21c2\",\"layouts\":[{\"id\":0,\"position\":{\"x\":9.89406121674316,\"y\":440.99244280340935,\"z\":3,\"width\":415.55057110321263,\"height\":206.36184823492874,\"tabOrder\":3}}],\"singleVisual\":{\"visualType\":\"tableEx\",\"projections\":{\"Values\":[{\"queryRef\":\"FinancialData.Transaction_Type\"},{\"queryRef\":\"FinancialData.Product/Expense_Category\"},{\"queryRef\":\"Sum(FinancialData.Value)\"}]},\"prototypeQuery\":{\"Version\":2,\"From\":[{\"Name\":\"f\",\"Entity\":\"FinancialData\",\"Type\":0}],\"Select\":[{\"Column\":{\"Expression\":{\"SourceRef\":{\"Source\":\"f\"}},\"Property\":\"Transaction_Type\"},\"Name\":\"FinancialData.Transaction_Type\",\"NativeReferenceName\":\"Transaction_Type\"},{\"Column\":{\"Expression\":{\"SourceRef\":{\"Source\":\"f\"}},\"Property\":\"Product/Expense_Category\"},\"Name\":\"FinancialData.Product/Expense_Category\",\"NativeReferenceName\":\"Product/Expense_Category\"},{\"Aggregation\":{\"Expression\":{\"Column\":{\"Expression\":{\"SourceRef\":{\"Source\":\"f\"}},\"Property\":\"Value\"}},\"Function\":0},\"Name\":\"Sum(FinancialData.Value)\",\"NativeReferenceName\":\"Sum of Value\"}],\"OrderBy\":[{\"Direction\":2,\"Expression\":{\"Column\":{\"Expression\":{\"SourceRef\":{\"Source\":\"f\"}},\"Property\":\"Transaction_Type\"}}}]},\"drillFilterOtherVisuals\":true}}",
          "filters": "[]",
          "height": 206.36,
          "width": 415.55,
          "x": 9.89,
          "y": 440.99,
          "z": 3.00
        },
        {
          "config": "{\"name\":\"c067de6471b23851d40a\",\"layouts\":[{\"id\":0,\"position\":{\"x\":9.89406121674316,\"y\":220.49622140170467,\"z\":2,\"width\":1243.8248386762828,\"height\":161.13185410124572,\"tabOrder\":2}}],\"singleVisual\":{\"visualType\":\"clusteredColumnChart\",\"projections\":{\"Y\":[{\"queryRef\":\"Sum(FinancialData.Value)\"}],\"Category\":[{\"queryRef\":\"FinancialData.Month\",\"active\":true}]},\"prototypeQuery\":{\"Version\":2,\"From\":[{\"Name\":\"f\",\"Entity\":\"FinancialData\",\"Type\":0}],\"Select\":[{\"Aggregation\":{\"Expression\":{\"Column\":{\"Expression\":{\"SourceRef\":{\"Source\":\"f\"}},\"Property\":\"Value\"}},\"Function\":0},\"Name\":\"Sum(FinancialData.Value)\",\"NativeReferenceName\":\"Sum of Value\"},{\"Column\":{\"Expression\":{\"SourceRef\":{\"Source\":\"f\"}},\"Property\":\"Month\"},\"Name\":\"FinancialData.Month\",\"NativeReferenceName\":\"Month\"}],\"OrderBy\":[{\"Direction\":2,\"Expression\":{\"Aggregation\":{\"Expression\":{\"Column\":{\"Expression\":{\"SourceRef\":{\"Source\":\"f\"}},\"Property\":\"Value\"}},\"Function\":0}}}]},\"drillFilterOtherVisuals\":true,\"hasDefaultSort\":true}}",
          "filters": "[]",
          "height": 161.13,
          "width": 1243.82,
          "x": 9.89,
          "y": 220.50,
          "z": 2.00
        }
      ],
      "width": 1280.00
    }
  ]
}